Global_ID,MTR_ADJ,MTR,GDD,ENTRY,Rep,block,Location,Check,Plot,End Plot,Expt,Pedigree,Name,Rng,Pas,Year,PLOTWT,MOIST,SDWT,FLWR,HT,LDG,DS,CBB,P_FT,CWT_A,ADJ_SDWT
20021001,41,97,20.87113402,20,1,1,SVREC,0,1001,FALSE,2002,B15417/B15442,B19312,1,22,2020,1317.7,14.08,23.5,46,49,1,5,3,15,26.54460667,24.62341463
20011001,40,96,20.99791667,20,1,1,SVREC,0,1001,FALSE,2001,N15331/N16405,N19248,1,34,2020,1141.7,13.66,17.5,45,32,1,5,5,15,23.11157409,18.42621951
20021002,41,97,20.87113402,35,1,1,SVREC,0,1002,FALSE,2002,Reselection of B16504 (SS),B19504,1,23,2020,1568.6,14.45,19.4,46,49,1,6,3,15,31.46282428,20.23987805
20011002,40,96,20.99791667,35,1,1,SVREC,0,1002,FALSE,2001,"W2363X-67629BL/OAC Rex, AC PORTAGE",I19712,1,35,2020,1226.2,13.98,17.8,43,46,1,5,1,15,24.73012037,18.67263415
20021003,40,96,20.99791667,21,1,1,SVREC,0,1003,FALSE,2002,B15414/B16504,B19346,1,24,2020,1153.5,14.53,21.1,47,36,1,5,3,15,23.11515357,21.99289024
20011003,40,96,20.99791667,21,1,1,SVREC,0,1003,FALSE,2001,N15331/N16405,N19246,1,36,2020,1779,14.18,19,45,46,1,6,1,15,35.79562408,19.88512195
20021004,40,96,20.99791667,11,1,1,SVREC,0,1004,FALSE,2002,B14302/B10244,B17922,1,25,2020,1401.6,14.04,19,47,53,1,6,3,15,28.24788756,19.91756098
20011004,40,96,20.99791667,11,1,1,SVREC,0,1004,FALSE,2001,N14230/N12447,N17506,1,37,2020,1426.8,14.08,18.2,49,40,1,6,1,15,28.7423881,19.07004878
20021005,40,96,20.99791667,19,1,1,SVREC,0,1005,FALSE,2002,B16501/B15414,B19330,1,26,2020,1597.2,13.66,22.6,46,52,1,5,1,15,32.33231685,23.79614634
20011005,40,96,20.99791667,19,1,1,SVREC,0,1005,FALSE,2001,N15335/N14243,N19252,1,38,2020,1371.2,13.87,19.1,45,37,1,5,1,15,27.68985822,20.0619878
20021006,39,95,21.16421053,34,1,1,SVREC,0,1006,FALSE,2002,"NDF120287, ND TWILIGHT",I19701,1,27,2020,1095.6,14.42,20.1,45,46,2,5,2,15,21.98314305,20.97753659
20011006,40,96,20.99791667,34,1,1,SVREC,0,1006,TRUE,2001,N13142/B14302,N19290,1,39,2020,1669.2,14.29,18.8,48,41,2,5,1,15,33.5432664,19.65058537
20021007,40,96,20.99791667,23,1,2,SVREC,0,1007,FALSE,2002,B15414/B16504,B19309,2,22,2020,1853.6,14.13,19.2,46,52,1,6,1,15,37.31839558,20.10614634
20011007,40,96,20.99791667,23,1,2,SVREC,0,1007,FALSE,2001,N15331/N16404,N19240,2,34,2020,1734,14.2,19.6,44,47,1,5,2,15,34.88203883,20.50829268
20021008,40,96,20.99791667,18,1,2,SVREC,0,1008,FALSE,2002,"ND9902621-2, ECLIPSE",I03390,2,23,2020,1476.2,14.18,20.1,45,51,1,6,4,15,29.70292314,21.03636585
20011008,41,97,20.87113402,18,1,2,SVREC,0,1008,FALSE,2001,N15331/N16404,N19239,2,35,2020,1958.2,14.14,19.2,44,45,2,5,2,15,39.4197087,20.10380488
20021009,41,97,20.87113402,16,1,2,SVREC,0,1009,FALSE,2002,B10244/B13218,B18201,2,24,2020,1293.9,14.34,19.2,46,49,1,5,5,15,25.98628895,20.05697561
20011009,40,96,20.99791667,16,1,2,SVREC,4,1009,FALSE,2001,"COOP 03019, MERLIN",I11264,2,36,2020,1540.3,14.09,19.4,45,37,2,5,5,15,31.02519464,20.32504878
20021010,41,97,20.87113402,1,1,2,SVREC,0,1010,FALSE,2002,Zenith/B10215,B16501,2,25,2020,1744.3,14.09,22.1,46,52,1,6,4,15,35.13422515,23.15379268
20011010,40,96,20.99791667,1,1,2,SVREC,0,1010,FALSE,2001,N13120/PR00806-81,N18103,2,37,2020,1803.4,14.48,22.4,46,57,2,5,4,15,36.1597349,23.36156098
20021011,40,96,20.99791667,36,1,2,SVREC,0,1011,FALSE,2002,NE14-18-4,I19711,2,26,2020,1581.9,14.48,25.2,43,43,3,4,2,15,31.71846769,26.2817561
20011011,40,96,20.99791667,36,1,2,SVREC,5,1011,FALSE,2001,VALIANT,I20815,2,38,2020,2019.2,14.33,20.5,43,46,2,5,2,15,40.55772486,21.4175
20021012,40,96,20.99791667,6,1,2,SVREC,0,1012,FALSE,2002,B11363//Alpena*/B09197,B16505,2,27,2020,1732.1,14.16,22.8,45,52,1,5,3,15,34.86006166,23.86770732
20011012,41,97,20.87113402,6,1,2,SVREC,0,1012,TRUE,2001,G14505/X16708,N19285,2,39,2020,1960.8,14.31,22.8,44,45,3,4,2,15,39.39389485,23.826
20021013,42,98,20.73265306,10,1,3,SVREC,0,1013,FALSE,2002,"Jaguar/BL05222, BLACK BEAR",I17501,3,22,2020,1505.6,14.28,23.4,47,50,1,6,3,15,30.25918654,24.46156098
20011013,40,96,20.99791667,10,1,3,SVREC,0,1013,FALSE,2001,N13131/N14201,N18105,3,34,2020,1653.4,13.88,19.7,45,58,1,6,2,15,33.38469667,20.68980488
20021014,41,97,20.87113402,25,1,3,SVREC,0,1014,FALSE,2002,B16507/B16501,B19341,3,23,2020,1561.3,14.17,20.9,46,45,1,5,3,15,31.4188983,21.87618293
20011014,40,96,20.99791667,25,1,3,SVREC,0,1014,FALSE,2001,N16405/B16504,N19262,3,35,2020,1490,13.97,19,44,44,1,5,4,15,30.05395775,19.93378049
20021015,40,96,20.99791667,28,1,3,SVREC,0,1015,FALSE,2002,N16405/B16504,B19302,3,24,2020,1446.6,13.75,18,46,47,1,6,4,15,29.25317739,18.93292683
20011015,41,97,20.87113402,28,1,3,SVREC,0,1015,FALSE,2001,N14201/N15331,N19216,3,36,2020,1643.4,13.94,18.2,46,58,2,5,3,15,33.15966273,19.10112195
20021016,40,96,20.99791667,5,1,3,SVREC,0,1016,FALSE,2002,B14302/B10244,B17897,3,25,2020,1376.3,14.22,19.1,47,51,1,6,3,15,27.67990734,19.98046341
20011016,40,96,20.99791667,5,1,3,SVREC,0,1016,FALSE,2001,N15341/N14238,N18128,3,37,2020,1579.3,14.28,19.8,46,56,1,6,5,15,31.74039141,20.6982439
20021017,42,98,20.73265306,29,1,3,SVREC,0,1017,FALSE,2002,"BL14506, BLACK BEARD",I19703,3,26,2020,1500.3,14.11,21.9,46,57,1,6,5,15,30.21246722,22.93891463
20011017,40,96,20.99791667,29,1,3,SVREC,0,1017,FALSE,2001,N14243/N14218,N19281,3,38,2020,1949.8,14.26,19.8,47,53,2,5,3,15,39.1957542,20.70307317
20021018,41,97,20.87113402,15,1,3,SVREC,0,1018,FALSE,2002,"B04644/ZORRO, ZENITH",B10244,3,27,2020,1759.1,14.26,22.3,45,51,1,6,2,15,35.36221726,23.31709756
20011018,40,96,20.99791667,15,1,3,SVREC,3,1018,TRUE,2001,"COOP 02084, VIGILANT",I10101,3,39,2020,1646.1,14.15,20.7,44,52,1,5,5,15,33.13309416,21.67189024
20021019,40,96,20.99791667,4,1,4,SVREC,0,1019,FALSE,2002,B14303/B12724,B18236,4,22,2020,1352.6,14.07,17.6,46,45,1,5,1,15,27.25082628,18.4435122
20011019,41,97,20.87113402,4,1,4,SVREC,0,1019,FALSE,2001,N14230/N12447,N17505,4,34,2020,1797.3,14.08,21.6,48,51,1,6,2,15,36.20598131,22.63258537
20021020,40,96,20.99791667,33,1,4,SVREC,0,1020,FALSE,2002,B16507/B15453,B19339,4,23,2020,1568.1,14.4,22.4,45,55,1,6,1,15,31.47117803,23.38341463
20011020,41,97,20.87113402,33,1,4,SVREC,0,1020,FALSE,2001,N14243/N14218,N19283,4,35,2020,1747,13.7,19.2,49,53,2,5,3,15,35.3483528,20.20682927
20021021,41,97,20.87113402,9,1,4,SVREC,0,1021,FALSE,2002,Zenith//Alpena*/B09197,B16504,4,24,2020,1780.9,14.18,19.8,46,52,2,6,1,15,35.83385437,20.72239024
20011021,40,96,20.99791667,9,1,4,SVREC,0,1021,FALSE,2001,N15334/N15335,N18122,4,36,2020,1866.6,14.69,20.3,45,67,1,7,3,15,37.33504539,21.11942683
20021022,40,96,20.99791667,24,1,4,SVREC,0,1022,FALSE,2002,B16506/B16507,B19344,4,25,2020,1985.8,14.27,21.4,44,56,2,6,1,15,39.91478647,22.37343902
20011022,40,96,20.99791667,24,1,4,SVREC,0,1022,FALSE,2001,N14230/N16405,N19223,4,37,2020,1730.2,14.21,16.8,50,53,1,6,3,15,34.80153948,17.5764878
20021023,40,96,20.99791667,30,1,4,SVREC,0,1023,FALSE,2002,B16507/B15453,B19340,4,26,2020,1791.2,14.1,23.1,45,52,1,6,0,15,36.07469971,24.19865854
20011023,40,96,20.99791667,30,1,4,SVREC,0,1023,FALSE,2001,N14243/N15326,N19226,4,38,2020,2171.1,13.92,17.4,46,50,2,6,2,15,43.81749703,18.2657561
20021024,40,96,20.99791667,2,1,4,SVREC,0,1024,FALSE,2002,B10244/B12724,B17220,4,27,2020,1715.6,14.52,21.4,44,50,1,6,2,15,34.38317925,22.30819512
20011024,41,97,20.87113402,2,1,4,SVREC,1,1024,TRUE,2001,"MEDALIST/N08003, ALPENA",N11283,4,39,2020,1297.3,14.22,20.1,45,57,2,5,4,15,26.09107302,21.02656098
20021025,42,98,20.73265306,32,1,5,SVREC,0,1025,FALSE,2002,AAC Knight Rider,I19710,5,22,2020,1341.9,14.02,20.2,47,48,2,5,2,15,27.0509844,21.18043902
20011025,40,96,20.99791667,32,1,5,SVREC,0,1025,FALSE,2001,G14505//N13120/PR0806-81A,N19271,5,34,2020,1312.6,13.73,20.3,44,55,1,5,5,15,26.54958141,21.35708537
20021026,40,96,20.99791667,27,1,5,SVREC,0,1026,FALSE,2002,B15464/B15417,B19328,5,23,2020,1642,14.17,20.6,45,50,1,6,0,15,33.04286877,21.56217073
20011026,41,97,20.87113402,27,1,5,SVREC,0,1026,FALSE,2001,N15331/N16405,N19243,5,35,2020,1921.2,13.68,20.7,47,46,2,6,4,15,38.88208004,21.79053659
20021027,42,98,20.73265306,22,1,5,SVREC,0,1027,FALSE,2002,B16501/B15464,B19332,5,24,2020,1805.4,14.39,20.6,45,51,1,6,1,15,36.23793281,21.50690244
20011027,40,96,20.99791667,22,1,5,SVREC,0,1027,FALSE,2001,N15335/N14243,N19253,5,36,2020,1689.2,13.72,16.3,49,52,2,6,3,15,34.1709214,17.15078049
20021028,41,97,20.87113402,14,1,5,SVREC,0,1028,FALSE,2002,B14303/B12724,B18237,5,25,2020,1675.9,14.04,20.1,46,42,2,5,0,15,33.77613782,21.07068293
20011028,40,96,20.99791667,14,1,5,SVREC,0,1028,FALSE,2001,G14505/X16708,N19284,5,37,2020,1621.4,14.19,22.3,47,47,1,5,2,15,32.62072063,23.33613415
20021029,40,96,20.99791667,26,1,5,SVREC,0,1029,FALSE,2002,B16506/B16507,B19345,5,26,2020,1915.5,14.43,21,44,55,1,6,3,15,38.42989241,21.91426829
20011029,40,96,20.99791667,26,1,5,SVREC,0,1029,FALSE,2001,B15453/N14243,N19269,5,38,2020,1784.9,13.93,19.6,48,48,1,6,3,15,36.01896031,20.57282927
20021030,40,96,20.99791667,7,1,5,SVREC,0,1030,FALSE,2002,B10244/B15430,B18204,5,27,2020,1758.7,14.14,21.5,45,51,1,6,2,15,35.40365728,22.51207317
20011030,41,97,20.87113402,7,1,5,SVREC,0,1030,TRUE,2001,N15341/N14238,N18130,5,39,2020,1471,13.97,21.1,49,53,2,5,5,15,29.67071936,22.1369878
20021031,41,97,20.87113402,13,1,6,SVREC,0,1031,FALSE,2002,B10244/B12724,B17259,6,22,2020,1443.4,14.5,19.4,46,48,1,5,5,15,28.93465417,20.22804878
20011031,40,96,20.99791667,13,1,6,SVREC,0,1031,FALSE,2001,N13120/PR0806-81,N18102,6,34,2020,1795.9,14.09,19.5,45,50,1,5,4,15,36.17356817,20.42981707
20021032,40,96,20.99791667,12,1,6,SVREC,0,1032,FALSE,2002,B10244/B12724,B17207,6,23,2020,1696.4,13.77,19.9,44,63,1,6,5,15,34.29668385,20.92654878
20011032,40,96,20.99791667,12,1,6,SVREC,0,1032,FALSE,2001,N11230/N11298,N15306,6,35,2020,1758.5,14.35,17.8,48,45,1,5,4,15,35.31304926,18.59231707
20021033,41,97,20.87113402,3,1,6,SVREC,0,1033,FALSE,2002,"Zenith//Alpena*/B09197, ADAMS",B18504,6,24,2020,1981,14.46,20.8,45,48,2,5,3,15,39.73005824,21.69795122
20011033,41,97,20.87113402,3,1,6,SVREC,2,1033,FALSE,2001,"Mayflower/Avanti, MEDALIST",I08958,6,36,2020,1707.9,14.15,19.8,44,51,3,4,3,15,34.37701932,20.72963415
20011034,40,96,20.99791667,31,1,6,SVREC,0,1034,FALSE,2001,N14229/I15616,N19204,6,37,2020,1649.3,13.58,18.7,47,51,1,6,3,15,33.41791894,19.70797561
20021035,40,96,20.99791667,8,1,6,SVREC,0,1035,FALSE,2002,B15430/B10244,B18232,6,26,2020,1809.8,14.33,22.4,45,55,1,6,2,15,36.35170882,23.40253659
20011035,41,97,20.87113402,8,1,6,SVREC,0,1035,FALSE,2001,N13131/N14201,N18104,6,38,2020,1880.3,14.04,20.5,48,50,2,6,1,15,37.89562142,21.49
20021036,41,97,20.87113402,17,1,6,SVREC,0,1036,FALSE,2002,"B00103*/X00822, ZORRO",B04554,6,27,2020,1724.7,14.52,20.4,47,53,1,5,3,15,34.5655568,21.2657561
20011036,41,97,20.87113402,17,1,6,SVREC,0,1036,TRUE,2001,N14229/N14218,N19277,6,39,2020,2029.5,14.26,17.4,46,47,2,5,1,15,40.79791935,18.19360976
20022001,41,97,20.87113402,1,2,1,SVREC,0,2001,FALSE,2002,Zenith/B10215,B16501,1,28,2020,1220.8,13.86,19.2,45,44,1,5,4,15,24.65555984,20.16936585
20012001,40,96,20.99791667,1,2,1,SVREC,0,2001,FALSE,2001,N13120/PR00806-81,N18103,1,40,2020,1645.7,14.46,20.1,43,44,1,5,1,15,33.00543001,20.96773171
20022002,40,96,20.99791667,8,2,1,SVREC,0,2002,FALSE,2002,B15430/B10244,B18232,1,29,2020,1390.6,14.13,21.4,45,41,1,5,2,15,27.99684985,22.40997561
20012002,40,96,20.99791667,8,2,1,SVREC,0,2002,FALSE,2001,N13131/N14201,N18104,1,41,2020,1522,13.89,18.5,44,48,1,6,1,15,30.72795951,19.4272561
20022003,40,96,20.99791667,25,2,1,SVREC,0,2003,FALSE,2002,B16507/B16501,B19341,1,30,2020,1536.9,13.83,21.6,45,45,1,5,2,15,31.05039889,22.69843902
20012003,40,96,20.99791667,25,2,1,SVREC,0,2003,FALSE,2001,N16405/B16504,N19262,1,42,2020,1208.9,13.84,19.2,44,33,1,5,2,15,24.42089341,20.17404878
20022004,40,96,20.99791667,4,2,1,SVREC,0,2004,FALSE,2002,B14303/B12724,B18236,1,31,2020,1565.2,14.05,18.7,46,43,1,6,2,15,31.54141703,19.60079268
20012004,40,96,20.99791667,4,2,1,SVREC,0,2004,FALSE,2001,N14230/N12447,N17505,1,43,2020,1525.1,13.79,19.8,44,49,1,6,2,15,30.82630325,20.81656098
20022005,41,97,20.87113402,14,2,1,SVREC,0,2005,FALSE,2002,B14303/B12724,B18237,1,32,2020,1562.3,14.39,20.5,45,48,1,5,2,15,31.35843715,21.4025
20012005,40,96,20.99791667,14,2,1,SVREC,0,2005,TRUE,2001,G14505/X16708,N19284,1,44,2020,1423.5,13.56,19,45,50,1,6,2,15,28.84946142,20.02878049
20022006,40,96,20.99791667,34,2,1,SVREC,0,2006,FALSE,2002,"NDF120287, ND TWILIGHT",I19701,1,33,2020,1130.1,14.08,19.6,44,48,1,5,2,15,22.76547014,20.53697561
20012006,40,96,20.99791667,34,2,1,SVREC,0,2006,TRUE,2001,N13142/B14302,N19290,1,45,2020,1611.1,13.99,18.5,48,59,2,6,2,15,32.4890435,19.40469512
20022007,40,96,20.99791667,21,2,2,SVREC,0,2007,FALSE,2002,B15414/B16504,B19346,2,28,2020,1743.3,14.34,21.5,45,45,1,5,3,15,35.01190009,22.45963415
20012007,40,96,20.99791667,21,2,2,SVREC,0,2007,FALSE,2001,N15331/N16405,N19246,2,40,2020,1944.4,14.33,19.9,45,48,2,6,3,15,39.05528934,20.79064634
20022008,42,98,20.73265306,16,2,2,SVREC,0,2008,FALSE,2002,B10244/B13218,B18201,2,29,2020,2022.7,14.12,20.9,45,53,1,5,3,15,40.72761611,21.88892683
20012008,41,97,20.87113402,16,2,2,SVREC,4,2008,FALSE,2001,"COOP 03019, MERLIN",I11264,2,41,2020,1610.1,14.22,19.1,44,52,2,5,5,15,32.38205247,19.98046341
20022009,40,96,20.99791667,22,2,2,SVREC,0,2009,FALSE,2002,B16501/B15464,B19332,2,30,2020,1865.8,14.13,20,46,50,1,6,2,15,37.5640173,20.94390244
20012009,40,96,20.99791667,22,2,2,SVREC,0,2009,FALSE,2001,N15335/N14243,N19253,2,42,2020,1820.4,14.01,18.5,44,56,1,7,4,15,36.70119929,19.40018293
20012010,40,96,20.99791667,31,2,2,SVREC,0,2010,FALSE,2001,N14229/I15616,N19204,2,43,2020,1697.4,14.02,18.1,44,57,1,6,5,15,34.21740884,18.9785122
20022011,40,96,20.99791667,2,2,2,SVREC,0,2011,FALSE,2002,B10244/B12724,B17220,2,32,2020,1767.2,13.7,20.6,45,49,2,5,3,15,35.75707446,21.6802439
20012011,40,96,20.99791667,2,2,2,SVREC,1,2011,FALSE,2001,"MEDALIST/N08003, ALPENA",N11283,2,44,2020,1780.1,14.18,18.3,45,59,2,5,5,15,35.81775741,19.1525122
20022012,42,98,20.73265306,29,2,2,SVREC,0,2012,FALSE,2002,"BL14506, BLACK BEARD",I19703,2,33,2020,-9,-9,-9,46,55,1,6,5,15,-9,-9
20012012,40,96,20.99791667,29,2,2,SVREC,0,2012,TRUE,2001,N14243/N14218,N19281,2,45,2020,1891.8,14.19,19.7,48,51,2,6,3,15,38.06086055,20.61532927
20022013,41,97,20.87113402,26,2,3,SVREC,0,2013,FALSE,2002,B16506/B16507,B19345,3,28,2020,1925.5,14.9,22.1,45,50,1,6,2,15,38.41833713,22.9354878
20012013,40,96,20.99791667,26,2,3,SVREC,0,2013,FALSE,2001,B15453/N14243,N19269,3,40,2020,1754.2,14.37,19.7,45,58,1,7,4,15,35.21847373,20.57208537
20022014,40,96,20.99791667,5,2,3,SVREC,0,2014,FALSE,2002,B14302/B10244,B17897,3,29,2020,1705.3,14.49,19.9,45,46,1,6,2,15,34.18874655,20.75181707
20012014,40,96,20.99791667,5,2,3,SVREC,0,2014,FALSE,2001,N15341/N14238,N18128,3,41,2020,1554,13.7,19.5,44,52,2,5,5,15,31.44323999,20.52256098
20022015,40,96,20.99791667,6,2,3,SVREC,0,2015,FALSE,2002,B11363//Alpena*/B09197,B16505,3,30,2020,1994.4,14.26,24.1,44,45,1,6,1,15,40.0923234,25.19919512
20012015,40,96,20.99791667,6,2,3,SVREC,0,2015,FALSE,2001,G14505/X16708,N19285,3,42,2020,1684.7,13.46,23.9,44,46,2,4,3,15,34.18258851,25.2232439
20022016,41,97,20.87113402,20,2,3,SVREC,0,2016,FALSE,2002,B15417/B15442,B19312,3,31,2020,1607.1,13.98,23.9,44,46,1,6,2,15,32.41214847,25.07168293
20012016,40,96,20.99791667,20,2,3,SVREC,0,2016,FALSE,2001,N15331/N16405,N19248,3,43,2020,1753.6,14.23,18.8,44,52,1,6,3,15,35.26398817,19.66434146
20022017,41,97,20.87113402,3,2,3,SVREC,0,2017,FALSE,2002,"Zenith//Alpena*/B09197, ADAMS",B18504,3,32,2020,1924.2,14.16,22.2,45,46,2,5,2,15,38.72624597,23.23960976
20012017,41,97,20.87113402,3,2,3,SVREC,2,2017,FALSE,2001,"Mayflower/Avanti, MEDALIST",I08958,3,44,2020,1650.9,14.26,18.8,43,51,2,5,4,15,33.18713232,19.65746341
20022018,41,97,20.87113402,9,2,3,SVREC,0,2018,FALSE,2002,Zenith//Alpena*/B09197,B16504,3,33,2020,1743.2,14.2,21.7,45,58,2,6,3,15,35.06711078,22.70560976
20012018,40,96,20.99791667,9,2,3,SVREC,0,2018,TRUE,2001,N15334/N15335,N18122,3,45,2020,1872.9,14.21,20.2,45,60,1,7,2,15,37.67183174,21.13363415
20022019,40,96,20.99791667,35,2,4,SVREC,0,2019,FALSE,2002,Reselection of B16504 (SS),B19504,4,28,2020,1956.9,14.38,20.4,45,57,2,6,2,15,39.28342423,21.30058537
20012019,41,97,20.87113402,35,2,4,SVREC,0,2019,FALSE,2001,"W2363X-67629BL/OAC Rex, AC PORTAGE",I19712,4,40,2020,1783.4,13.76,21,43,52,2,5,1,15,36.05977316,22.08585366
20022020,41,97,20.87113402,36,2,4,SVREC,0,2020,FALSE,2002,NE14-18-4,I19711,4,29,2020,1518.2,14.15,25.9,43,40,3,4,1,15,30.55869239,27.11603659
20012020,41,97,20.87113402,36,2,4,SVREC,5,2020,FALSE,2001,VALIANT,I20815,4,41,2020,1647.6,14.19,19.5,43,50,2,5,3,15,33.14783478,20.40603659
20022021,41,97,20.87113402,24,2,4,SVREC,0,2021,FALSE,2002,B16506/B16507,B19344,4,30,2020,1974.6,14.44,23.3,44,56,1,6,3,15,39.6109619,24.31156098
20012021,40,96,20.99791667,24,2,4,SVREC,0,2021,FALSE,2001,N14230/N16405,N19223,4,42,2020,1589.7,13.96,19.3,46,55,2,5,4,15,32.06867795,20.25087805
20022022,40,96,20.99791667,27,2,4,SVREC,0,2022,FALSE,2002,B15464/B15417,B19328,4,31,2020,1613,14.61,20.7,45,47,1,5,1,15,32.29288613,21.55576829
20012022,41,97,20.87113402,27,2,4,SVREC,0,2022,FALSE,2001,N15331/N16405,N19243,4,43,2020,1868.1,14.1,20.2,45,54,2,5,3,15,37.62346278,21.16073171
20022023,42,98,20.73265306,10,2,4,SVREC,0,2023,FALSE,2002,"Jaguar/BL05222, BLACK BEAR",I17501,4,32,2020,1802.9,14.07,23,45,55,2,6,4,15,36.32301841,24.10231707
20012023,40,96,20.99791667,10,2,4,SVREC,0,2023,FALSE,2001,N13131/N14201,N18105,4,44,2020,1749.3,13.79,18.5,45,60,1,6,3,15,35.35797802,19.44981707
20022024,40,96,20.99791667,13,2,4,SVREC,0,2024,FALSE,2002,B10244/B12724,B17259,4,33,2020,1804.4,14.12,20.9,44,50,1,5,2,15,36.33208608,21.88892683
20012024,40,96,20.99791667,13,2,4,SVREC,0,2024,TRUE,2001,N13120/PR0806-81,N18102,4,45,2020,1763.8,13.95,17.9,47,45,2,5,4,15,35.58489537,18.78408537
20022025,41,97,20.87113402,19,2,5,SVREC,0,2025,FALSE,2002,B16501/B15414,B19330,5,28,2020,1771.7,14.01,18.5,46,51,1,5,5,15,35.71935552,19.40018293
20012025,41,97,20.87113402,19,2,5,SVREC,0,2025,FALSE,2001,N15335/N14243,N19252,5,40,2020,1646.8,14.16,18.8,44,48,1,5,5,15,33.14332287,19.68039024
20022026,42,98,20.73265306,17,2,5,SVREC,0,2026,FALSE,2002,"B00103*/X00822, ZORRO",B04554,5,29,2020,1591.3,14.34,19.8,46,47,2,5,3,15,31.95917892,20.6837561
20012026,41,97,20.87113402,17,2,5,SVREC,0,2026,FALSE,2001,N14229/N14218,N19277,5,41,2020,1964.1,13.94,17.4,46,57,1,6,3,15,39.63057902,18.2615122
20022027,41,97,20.87113402,15,2,5,SVREC,0,2027,FALSE,2002,"B04644/ZORRO, ZENITH",B10244,5,30,2020,1686.3,14.53,22.1,45,47,1,6,3,15,33.79200994,23.03520732
20012027,41,97,20.87113402,15,2,5,SVREC,3,2027,FALSE,2001,"COOP 02084, VIGILANT",I10101,5,42,2020,1233.1,13.96,19.2,45,51,1,5,4,15,24.87506245,20.14595122
20022028,42,98,20.73265306,32,2,5,SVREC,0,2028,FALSE,2002,AAC Knight Rider,I19710,5,31,2020,1323.4,14.1,18.7,45,52,2,5,2,15,26.65322554,19.58939024
20012028,41,97,20.87113402,32,2,5,SVREC,0,2028,FALSE,2001,G14505//N13120/PR0806-81A,N19271,5,43,2020,966.7,13.73,22.4,44,45,2,5,4,15,19.55316193,23.56643902
20022029,41,97,20.87113402,18,2,5,SVREC,0,2029,FALSE,2002,"ND9902621-2, ECLIPSE",I03390,5,32,2020,1433.9,13.8,20.2,45,44,1,6,3,15,28.97954823,21.23463415
20012029,41,97,20.87113402,18,2,5,SVREC,0,2029,FALSE,2001,N15331/N16404,N19239,5,44,2020,1722.2,13.96,18.7,45,49,1,6,3,15,34.74157209,19.62131707
20022030,41,97,20.87113402,30,2,5,SVREC,0,2030,FALSE,2002,B16507/B15453,B19340,5,33,2020,1735.9,14.04,23.5,45,44,1,6,1,15,34.98537958,24.63487805
20012030,40,96,20.99791667,30,2,5,SVREC,0,2030,TRUE,2001,N14243/N15326,N19226,5,45,2020,1784.5,14,18.2,45,54,2,5,4,15,35.98160104,19.08780488
20022031,40,96,20.99791667,23,2,6,SVREC,0,2031,FALSE,2002,B15414/B16504,B19309,6,28,2020,1972.1,14.26,20.4,47,60,1,7,2,15,39.6440388,21.33043902
20012031,40,96,20.99791667,23,2,6,SVREC,0,2031,FALSE,2001,N15331/N16404,N19240,6,40,2020,1743.7,14.1,20,45,49,2,5,4,15,35.11805152,20.95121951
20022032,40,96,20.99791667,12,2,6,SVREC,0,2032,FALSE,2002,B10244/B12724,B17207,6,29,2020,1452.6,14.36,18.1,45,48,1,6,5,15,29.16675937,18.90346341
20012032,41,97,20.87113402,12,2,6,SVREC,0,2032,FALSE,2001,N11230/N11298,N15306,6,41,2020,1575.9,13.93,20.1,47,54,1,5,4,15,31.80137798,21.09764634
20022033,40,96,20.99791667,7,2,6,SVREC,0,2033,FALSE,2002,B10244/B15430,B18204,6,30,2020,1397.7,14.14,20.7,44,44,1,5,3,15,28.13651662,21.67441463
20012033,40,96,20.99791667,7,2,6,SVREC,0,2033,FALSE,2001,N15341/N14238,N18130,6,42,2020,1884.1,13.79,19.4,48,55,1,6,3,15,38.08264242,20.39602439
20022034,41,97,20.87113402,33,2,6,SVREC,0,2034,FALSE,2002,B16507/B15453,B19339,6,31,2020,1665.2,14.11,23.5,46,49,2,5,2,15,33.53316031,24.61481707
20012034,41,97,20.87113402,33,2,6,SVREC,0,2034,FALSE,2001,N14243/N14218,N19283,6,43,2020,1536.9,14.07,18.8,47,53,2,5,2,15,30.96391757,19.70102439
20022035,40,96,20.99791667,28,2,6,SVREC,0,2035,FALSE,2002,N16405/B16504,B19302,6,32,2020,1683.7,13.53,18.5,46,47,1,6,3,15,34.13466548,19.50847561
20012035,41,97,20.87113402,28,2,6,SVREC,0,2035,FALSE,2001,N14201/N15331,N19216,6,44,2020,1349.7,14.28,18.3,47,52,2,5,2,15,27.12594585,19.13019512
20022036,41,97,20.87113402,11,2,6,SVREC,0,2036,FALSE,2002,B14302/B10244,B17922,6,33,2020,1621,14.69,19.7,46,49,2,5,4,15,32.42264469,20.49520732
20012036,41,97,20.87113402,11,2,6,SVREC,0,2036,TRUE,2001,N14230/N12447,N17506,6,45,2020,1655.4,14.32,19.3,46,50,2,5,2,15,33.25430601,20.16614634
20023001,40,96,20.99791667,33,3,1,SVREC,0,3001,FALSE,2002,B16507/B15453,B19339,7,22,2020,1768.4,13.55,22.5,0,48,1,6,0,15,35.84354734,23.72103659
20013001,41,97,20.87113402,33,3,1,SVREC,0,3001,FALSE,2001,N14243/N14218,N19283,7,34,2020,1695.4,14.13,19.1,0,53,2,5,0,15,34.13336635,20.00142683
20023002,40,96,20.99791667,2,3,1,SVREC,0,3002,FALSE,2002,B10244/B12724,B17220,7,23,2020,1605.2,14.53,20.6,0,45,1,5,0,15,32.16683529,21.47173171
20013002,41,97,20.87113402,2,3,1,SVREC,1,3002,FALSE,2001,"MEDALIST/N08003, ALPENA",N11283,7,35,2020,1720.6,14.35,19,0,52,2,5,0,15,34.55196619,19.84573171
20023003,40,96,20.99791667,30,3,1,SVREC,0,3003,FALSE,2002,B16507/B15453,B19340,7,24,2020,1539.4,13.99,23.4,0,47,1,5,0,15,31.04315906,24.54431707
20013003,40,96,20.99791667,30,3,1,SVREC,0,3003,FALSE,2001,N14243/N15326,N19226,7,36,2020,2151.1,14.04,17,0,54,1,6,0,15,43.35333257,17.82097561
20023004,40,96,20.99791667,4,3,1,SVREC,0,3004,FALSE,2002,B14303/B12724,B18236,7,25,2020,1575.2,14.56,19.3,0,46,2,5,0,15,31.55458139,20.10965854
20013004,41,97,20.87113402,4,3,1,SVREC,0,3004,FALSE,2001,N14230/N12447,N17505,7,37,2020,1709.7,14.48,20.3,0,48,1,6,0,15,34.28096859,21.17141463
20023005,41,97,20.87113402,24,3,1,SVREC,0,3005,FALSE,2002,B16506/B16507,B19344,7,26,2020,1784.1,14.87,23,0,41,1,5,0,15,35.60961735,23.87792683
20013005,41,97,20.87113402,24,3,1,SVREC,0,3005,FALSE,2001,N14230/N16405,N19223,7,38,2020,1601.9,14.2,17.9,0,53,1,5,0,15,32.22464706,18.7295122
20023006,41,97,20.87113402,9,3,1,SVREC,0,3006,FALSE,2002,Zenith//Alpena*/B09197,B16504,7,27,2020,1697.7,14.2,20.2,0,48,1,5,0,15,34.1518093,21.13609756
20013006,40,96,20.99791667,9,3,1,SVREC,0,3006,TRUE,2001,N15334/N15335,N18122,7,39,2020,1763.8,14.31,20.4,0,55,1,6,0,15,35.43602189,21.318
20023007,40,96,20.99791667,23,3,2,SVREC,0,3007,FALSE,2002,B15414/B16504,B19309,8,22,2020,1570.2,14.36,19.7,0,47,1,6,0,15,31.52805009,20.5744878
20013007,40,96,20.99791667,23,3,2,SVREC,0,3007,FALSE,2001,N15331/N16404,N19240,8,34,2020,1526.2,13.87,19.8,0,44,1,6,0,15,30.81991075,20.7972439
20023008,40,96,20.99791667,18,3,2,SVREC,0,3008,FALSE,2002,"ND9902621-2, ECLIPSE",I03390,8,23,2020,1288.8,14.26,19.8,0,38,1,5,0,15,25.9080357,20.70307317
20013008,40,96,20.99791667,18,3,2,SVREC,0,3008,FALSE,2001,N15331/N16404,N19239,8,35,2020,1530.3,14.38,18.9,0,43,1,6,0,15,30.71972206,19.73436585
20023009,40,96,20.99791667,36,3,2,SVREC,0,3009,FALSE,2002,NE14-18-4,I19711,8,24,2020,1112,14.45,24,0,34,2,5,0,15,22.30438646,25.03902439
20013009,40,96,20.99791667,36,3,2,SVREC,5,3009,FALSE,2001,VALIANT,I20815,8,36,2020,1452.3,14.05,20.5,0,46,1,5,0,15,29.26629181,21.4875
20023010,40,96,20.99791667,16,3,2,SVREC,0,3010,FALSE,2002,B10244/B13218,B18201,8,25,2020,1315.4,14.32,19.9,0,40,1,5,0,15,26.42425645,20.79307317
20013010,41,97,20.87113402,16,3,2,SVREC,4,3010,FALSE,2001,"COOP 03019, MERLIN",I11264,8,37,2020,1086.1,14.56,18.4,0,49,1,5,0,15,21.75687585,19.17190244
20023011,41,97,20.87113402,1,3,2,SVREC,0,3011,FALSE,2002,Zenith/B10215,B16501,8,26,2020,1581.4,13.88,20.8,0,40,1,5,0,15,31.9309056,21.84507317
20013011,40,96,20.99791667,1,3,2,SVREC,0,3011,FALSE,2001,N13120/PR00806-81,N18103,8,38,2020,1388.6,13.97,21,0,42,1,5,0,15,28.00867499,22.03207317
20023012,40,96,20.99791667,6,3,2,SVREC,0,3012,FALSE,2002,B11363//Alpena*/B09197,B16505,8,27,2020,1436.9,14.26,21.4,0,41,1,5,0,15,28.88520833,22.37604878
20013012,41,97,20.87113402,6,3,2,SVREC,0,3012,TRUE,2001,G14505/X16708,N19285,8,39,2020,1581.3,13.98,20.6,0,42,3,4,0,15,31.89181157,21.60990244
20023013,40,96,20.99791667,32,3,3,SVREC,0,3013,FALSE,2002,AAC Knight Rider,I19710,9,22,2020,1501.1,13.79,18.8,0,52,2,6,0,15,30.3411998,19.76521951
20013013,41,97,20.87113402,32,3,3,SVREC,0,3013,FALSE,2001,G14505//N13120/PR0806-81A,N19271,9,34,2020,1352.5,13.88,22.9,0,44,1,5,0,15,27.30906148,24.05058537
20023014,40,96,20.99791667,26,3,3,SVREC,0,3014,FALSE,2002,B16506/B16507,B19345,9,23,2020,2135.9,14.44,19.9,0,46,1,6,0,15,42.84667959,20.76395122
20013014,41,97,20.87113402,26,3,3,SVREC,0,3014,FALSE,2001,B15453/N14243,N19269,9,35,2020,1572.6,13.96,19.8,0,47,1,6,0,15,31.72372331,20.7755122
20023015,40,96,20.99791667,7,3,3,SVREC,0,3015,FALSE,2002,B10244/B15430,B18204,9,24,2020,1442,14.05,21.1,0,39,1,6,0,15,29.05872946,22.11640244
20013015,40,96,20.99791667,7,3,3,SVREC,0,3015,FALSE,2001,N15341/N14238,N18130,9,36,2020,1608.9,14.03,19.2,0,52,1,6,0,15,32.42959005,20.12956098
20023016,40,96,20.99791667,27,3,3,SVREC,0,3016,FALSE,2002,B15464/B15417,B19328,9,25,2020,1396.4,14.37,20.6,0,41,1,6,0,15,28.03504544,21.51192683
20013016,40,96,20.99791667,27,3,3,SVREC,0,3016,FALSE,2001,N15331/N16405,N19243,9,37,2020,1635.4,14.44,18.3,0,44,1,6,0,15,32.80652643,19.0944878
20023017,41,97,20.87113402,22,3,3,SVREC,0,3017,FALSE,2002,B16501/B15464,B19332,9,26,2020,1441.5,14.25,19.3,0,43,1,5,0,15,28.98105931,20.18262195
20013017,40,96,20.99791667,22,3,3,SVREC,0,3017,FALSE,2001,N15335/N14243,N19253,9,38,2020,1481.2,14.17,17.1,0,52,1,6,0,15,29.80700196,17.89869512
20023018,40,96,20.99791667,14,3,3,SVREC,0,3018,FALSE,2002,B14303/B12724,B18237,9,27,2020,1435.8,14.13,19.9,0,43,1,6,0,15,28.90685821,20.83918293
20013018,40,96,20.99791667,14,3,3,SVREC,0,3018,TRUE,2001,G14505/X16708,N19284,9,39,2020,1621.9,14.04,22,0,51,1,6,0,15,32.68782023,23.06243902
20013019,40,96,20.99791667,31,3,4,SVREC,0,3019,FALSE,2001,N14229/I15616,N19204,10,34,2020,1337,13.42,18.9,0,39,1,5,0,15,27.14028907,19.95563415
20023020,40,96,20.99791667,8,3,4,SVREC,0,3020,FALSE,2002,B15430/B10244,B18232,10,23,2020,893.2,13.88,20.4,0,41,1,5,0,15,18.03508593,21.42497561
20013020,40,96,20.99791667,8,3,4,SVREC,0,3020,FALSE,2001,N13131/N14201,N18104,10,35,2020,1457.2,13.74,19.6,0,56,1,6,0,15,29.47094735,20.6182439
20023021,40,96,20.99791667,17,3,4,SVREC,0,3021,FALSE,2002,"B00103*/X00822, ZORRO",B04554,10,24,2020,1107.1,14.25,19.9,0,49,1,6,0,15,22.25801649,20.81006098
20013021,41,97,20.87113402,17,3,4,SVREC,0,3021,FALSE,2001,N14229/N14218,N19277,10,36,2020,1831.3,14.12,16.2,0,41,2,6,0,15,36.87372491,16.96653659
20023022,40,96,20.99791667,3,3,4,SVREC,0,3022,FALSE,2002,"Zenith//Alpena*/B09197, ADAMS",B18504,10,25,2020,1285.1,14.15,19.4,0,50,1,6,0,15,25.86679989,20.31085366
20013022,41,97,20.87113402,3,3,4,SVREC,2,3022,FALSE,2001,"Mayflower/Avanti, MEDALIST",I08958,10,37,2020,1342.2,14.19,17.5,0,47,2,5,0,15,27.00353474,18.31310976
20023023,40,96,20.99791667,12,3,4,SVREC,0,3023,FALSE,2002,B10244/B12724,B17207,10,26,2020,1039.9,13.99,16.5,0,39,1,5,0,15,20.9703658,17.30689024
20013023,41,97,20.87113402,12,3,4,SVREC,0,3023,FALSE,2001,N11230/N11298,N15306,10,38,2020,1580.8,14.43,17.3,0,49,1,6,0,15,31.71494331,18.05318293
20023024,40,96,20.99791667,13,3,4,SVREC,0,3024,FALSE,2002,B10244/B12724,B17259,10,27,2020,1248.2,13.92,20.2,0,43,1,6,0,15,25.19137755,21.20507317
20013024,40,96,20.99791667,13,3,4,SVREC,0,3024,TRUE,2001,N13120/PR0806-81,N18102,10,39,2020,1458.2,14.01,19.2,0,44,1,5,0,15,29.39886223,20.1342439
20023025,41,97,20.87113402,25,3,5,SVREC,0,3025,FALSE,2002,B16507/B16501,B19341,11,22,2020,752.5,13.53,20.3,0,33,1,4,0,15,15.25588631,21.40659756
20013025,40,96,20.99791667,25,3,5,SVREC,0,3025,FALSE,2001,N16405/B16504,N19262,11,34,2020,1408,13.59,18.1,0,34,1,5,0,15,28.52542608,19.07342683
20023026,42,98,20.73265306,29,3,5,SVREC,0,3026,FALSE,2002,"BL14506, BLACK BEARD",I19703,11,23,2020,598.4,13.96,21.4,0,47,1,6,0,15,12.07139516,22.45434146
20013026,40,96,20.99791667,29,3,5,SVREC,0,3026,FALSE,2001,N14243/N14218,N19281,11,35,2020,1492,13.71,18.5,0,44,1,5,0,15,30.18524967,19.46786585
20023027,40,96,20.99791667,28,3,5,SVREC,0,3027,FALSE,2002,N16405/B16504,B19302,11,24,2020,1045.1,13.97,19.1,0,39,1,5,0,15,21.08012835,20.03869512
20013027,40,96,20.99791667,28,3,5,SVREC,0,3027,FALSE,2001,N14201/N15331,N19216,11,36,2020,1645,14.11,17.2,0,52,1,6,0,15,33.12638045,18.01595122
20023028,40,96,20.99791667,5,3,5,SVREC,0,3028,FALSE,2002,B14302/B10244,B17897,11,25,2020,850.3,14.35,18.8,0,35,1,5,0,15,17.07516962,19.63682927
20013028,40,96,20.99791667,5,3,5,SVREC,0,3028,FALSE,2001,N15341/N14238,N18128,11,37,2020,1500,14.12,21,0,53,1,6,0,15,30.20290906,21.99365854
20023029,41,97,20.87113402,10,3,5,SVREC,0,3029,FALSE,2002,"Jaguar/BL05222, BLACK BEAR",I17501,11,26,2020,1044.3,13.57,22.9,0,54,1,6,0,15,21.16192989,24.13715854
20013029,40,96,20.99791667,10,3,5,SVREC,0,3029,FALSE,2001,N13131/N14201,N18105,11,38,2020,1595.2,13.82,20,0,59,1,6,0,15,32.23198936,21.0195122
20023030,40,96,20.99791667,15,3,5,SVREC,0,3030,FALSE,2002,"B04644/ZORRO, ZENITH",B10244,11,27,2020,1168.8,13.77,21.5,0,32,1,5,0,15,23.63001892,22.60908537
20013030,41,97,20.87113402,15,3,5,SVREC,3,3030,TRUE,2001,"COOP 02084, VIGILANT",I10101,11,39,2020,1085,13.84,20,0,51,1,5,0,15,21.9179993,21.01463415
20023031,40,96,20.99791667,35,3,6,SVREC,0,3031,FALSE,2002,Reselection of B16504 (SS),B19504,12,22,2020,1454.7,13.82,19,0,44,1,5,0,15,29.39310113,19.96853659
20013031,41,97,20.87113402,35,3,6,SVREC,0,3031,FALSE,2001,"W2363X-67629BL/OAC Rex, AC PORTAGE",I19712,12,34,2020,1119.9,13.39,18.6,0,44,2,5,0,15,22.74116784,19.64568293
20023032,40,96,20.99791667,19,3,6,SVREC,0,3032,FALSE,2002,B16501/B15414,B19330,12,23,2020,1546.6,14.12,22.5,0,51,1,6,0,15,31.14121277,23.56463415
20013032,40,96,20.99791667,19,3,6,SVREC,0,3032,FALSE,2001,N15335/N14243,N19252,12,35,2020,1626.7,13.91,19.3,0,48,1,6,0,15,32.83414069,20.26264634
20023033,40,96,20.99791667,34,3,6,SVREC,0,3033,FALSE,2002,"NDF120287, ND TWILIGHT",I19701,12,24,2020,1369.8,14.07,20.3,0,31,2,5,0,15,27.5973546,21.27291463
20013033,41,97,20.87113402,34,3,6,SVREC,0,3033,FALSE,2001,N13142/B14302,N19290,12,36,2020,1550.8,14.16,17.8,0,48,2,5,0,15,31.21123701,18.63356098
20023034,41,97,20.87113402,20,3,6,SVREC,0,3034,FALSE,2002,B15417/B15442,B19312,12,25,2020,1535.6,14.19,22.2,0,52,1,6,0,15,30.89452239,23.2314878
20013034,40,96,20.99791667,20,3,6,SVREC,0,3034,FALSE,2001,N15331/N16405,N19248,12,37,2020,1577.7,14.42,18.3,0,48,1,5,0,15,31.65644833,19.09895122
20023035,40,96,20.99791667,11,3,6,SVREC,0,3035,FALSE,2002,B14302/B10244,B17922,12,26,2020,1365.7,14.05,18.6,0,48,2,5,0,15,27.52115591,19.49597561
20013035,41,97,20.87113402,11,3,6,SVREC,0,3035,FALSE,2001,N14230/N12447,N17506,12,38,2020,1652.9,14.29,17.4,0,48,1,5,0,15,33.21571114,18.1872439
20023036,40,96,20.99791667,21,3,6,SVREC,0,3036,FALSE,2002,B15414/B16504,B19346,12,27,2020,1638.5,14.1,21.5,0,42,1,5,0,15,32.99932753,22.52256098
20013036,41,97,20.87113402,21,3,6,SVREC,0,3036,TRUE,2001,N15331/N16405,N19246,12,39,2020,1891.3,14.08,20.4,0,53,1,5,0,15,38.09957851,21.37521951
20024001,41,97,20.87113402,30,4,1,SVREC,0,4001,FALSE,2002,B16507/B15453,B19340,7,28,2020,1826.5,14.29,24.2,0,52,1,6,0,15,36.70427515,25.29490244
20014001,40,96,20.99791667,30,4,1,SVREC,0,4001,FALSE,2001,N14243/N15326,N19226,7,40,2020,1896.1,14.26,17.8,0,45,1,6,0,15,38.11625271,18.61185366
20024002,41,97,20.87113402,17,4,1,SVREC,0,4002,FALSE,2002,"B00103*/X00822, ZORRO",B04554,7,29,2020,1817.4,14.4,20.6,0,49,2,5,0,15,36.47453539,21.50439024
20014002,41,97,20.87113402,17,4,1,SVREC,0,4002,FALSE,2001,N14229/N14218,N19277,7,41,2020,1518.2,14.27,18,0,50,2,5,0,15,30.51597786,18.81878049
20024003,41,97,20.87113402,15,4,1,SVREC,0,4003,FALSE,2002,"B04644/ZORRO, ZENITH",B10244,7,30,2020,1844.1,14.05,22.3,0,49,1,6,0,15,37.16172191,23.37420732
20014003,41,97,20.87113402,15,4,1,SVREC,3,4003,FALSE,2001,"COOP 02084, VIGILANT",I10101,7,42,2020,1469.3,14,20.2,0,50,2,5,0,15,29.62609493,21.18536585
20024004,41,97,20.87113402,32,4,1,SVREC,0,4004,FALSE,2002,AAC Knight Rider,I19710,7,31,2020,1604.9,14.17,19.9,0,47,2,5,0,15,32.29628507,20.82947561
20014004,41,97,20.87113402,32,4,1,SVREC,0,4004,FALSE,2001,G14505//N13120/PR0806-81A,N19271,7,43,2020,1383.9,13.56,20.4,0,45,2,5,0,15,28.04690528,21.50458537
20024005,41,97,20.87113402,18,4,1,SVREC,0,4005,FALSE,2002,"ND9902621-2, ECLIPSE",I03390,7,32,2020,1914.3,14.16,21.4,0,48,2,5,0,15,38.52699961,22.40214634
20014005,41,97,20.87113402,18,4,1,SVREC,0,4005,FALSE,2001,N15331/N16404,N19239,7,44,2020,1682.7,13.55,20.6,0,48,2,5,0,15,34.10650142,21.71792683
20024006,41,97,20.87113402,19,4,1,SVREC,0,4006,FALSE,2002,B16501/B15414,B19330,7,33,2020,2023.5,14.05,23.7,0,49,2,6,0,15,40.77693416,24.84164634
20014006,40,96,20.99791667,19,4,1,SVREC,0,4006,TRUE,2001,N15335/N14243,N19252,7,45,2020,1372.4,14.08,20.2,0,48,2,5,0,15,27.64651909,21.16565854
20024007,40,96,20.99791667,28,4,2,SVREC,0,4007,FALSE,2002,N16405/B16504,B19302,8,28,2020,1401.3,13.74,19.3,0,40,1,7,0,15,28.34040525,20.30265854
20014007,40,96,20.99791667,28,4,2,SVREC,0,4007,FALSE,2001,N14201/N15331,N19216,8,40,2020,1413.8,13.92,16.7,0,51,1,6,0,15,28.53354397,17.53092683
20024008,40,96,20.99791667,7,4,2,SVREC,0,4008,FALSE,2002,B10244/B15430,B18204,8,29,2020,1376.5,14.06,22,0,36,1,6,0,15,27.73556679,23.05707317
20014008,40,96,20.99791667,7,4,2,SVREC,0,4008,FALSE,2001,N15341/N14238,N18130,8,41,2020,1463.1,13.99,19.2,0,46,1,6,0,15,29.50451216,20.13892683
20024009,40,96,20.99791667,11,4,2,SVREC,0,4009,FALSE,2002,B14302/B10244,B17922,8,30,2020,1371.7,14.35,18.7,0,44,1,5,0,15,27.54558411,19.53237805
20014009,40,96,20.99791667,11,4,2,SVREC,0,4009,FALSE,2001,N14230/N12447,N17506,8,42,2020,1499.6,14.12,17,0,48,1,5,0,15,30.19485496,17.80439024
20024010,40,96,20.99791667,12,4,2,SVREC,0,4010,FALSE,2002,B10244/B12724,B17207,8,31,2020,1465.9,14.16,19.1,0,41,1,6,0,15,29.50254857,19.99443902
20014010,41,97,20.87113402,12,4,2,SVREC,0,4010,FALSE,2001,N11230/N11298,N15306,8,43,2020,1375.6,14.12,17.9,0,41,1,5,0,15,27.69808114,18.74697561
20024011,40,96,20.99791667,23,4,2,SVREC,0,4011,FALSE,2002,B15414/B16504,B19309,8,32,2020,1734.2,14.09,20.8,0,48,1,5,0,15,34.93078786,21.79180488
20014011,40,96,20.99791667,23,4,2,SVREC,0,4011,FALSE,2001,N15331/N16404,N19240,8,44,2020,1591.3,13.96,18.9,0,49,2,6,0,15,32.1009544,19.83117073
20024012,41,97,20.87113402,33,4,2,SVREC,0,4012,FALSE,2002,B16507/B15453,B19339,8,33,2020,1196.3,14,21.3,0,49,1,5,0,15,24.12148463,22.33902439
20014012,40,96,20.99791667,33,4,2,SVREC,0,4012,TRUE,2001,N14243/N14218,N19283,8,45,2020,1536.3,13.75,19,0,44,1,6,0,15,31.06709279,19.9847561
20024013,40,96,20.99791667,27,4,3,SVREC,0,4013,FALSE,2002,B15464/B15417,B19328,9,28,2020,1278.8,13.56,20.5,0,39,1,5,0,15,25.91688884,21.61
20014013,40,96,20.99791667,27,4,3,SVREC,0,4013,FALSE,2001,N15331/N16405,N19243,9,40,2020,1762.6,13.99,18.9,0,45,1,5,0,15,35.54415497,19.8242561
20024014,40,96,20.99791667,13,4,3,SVREC,0,4014,FALSE,2002,B10244/B12724,B17259,9,29,2020,1426.2,14.17,20.5,0,45,1,6,0,15,28.70020672,21.4575
20014014,40,96,20.99791667,13,4,3,SVREC,0,4014,FALSE,2001,N13120/PR0806-81,N18102,9,41,2020,1561.4,14.07,19.1,0,51,1,6,0,15,31.45751896,20.01540244
20024015,40,96,20.99791667,24,4,3,SVREC,0,4015,FALSE,2002,B16506/B16507,B19344,9,30,2020,1394.9,14.51,19.2,0,40,1,6,0,15,27.95914405,20.01717073
20014015,40,96,20.99791667,24,4,3,SVREC,0,4015,FALSE,2001,N14230/N16405,N19223,9,42,2020,1443.5,13.47,17.9,0,53,1,5,0,15,29.28525245,18.88886585
20024016,41,97,20.87113402,35,4,3,SVREC,0,4016,FALSE,2002,Reselection of B16504 (SS),B19504,9,31,2020,1475.4,14.32,19.6,0,47,1,6,0,15,29.63839742,20.47960976
20014016,40,96,20.99791667,35,4,3,SVREC,0,4016,FALSE,2001,"W2363X-67629BL/OAC Rex, AC PORTAGE",I19712,9,43,2020,841.7,13.38,18.5,0,52,1,5,0,15,17.09389322,19.54231707
20024017,41,97,20.87113402,36,4,3,SVREC,0,4017,FALSE,2002,NE14-18-4,I19711,9,32,2020,1268.9,14.34,22.9,0,39,2,5,0,15,25.48419665,23.92212195
20014017,40,96,20.99791667,36,4,3,SVREC,5,4017,FALSE,2001,VALIANT,I20815,9,44,2020,1333.1,13.8,20.2,0,45,2,5,0,15,26.94235005,21.23463415
20024018,41,97,20.87113402,10,4,3,SVREC,0,4018,FALSE,2002,"Jaguar/BL05222, BLACK BEAR",I17501,9,33,2020,1609.2,13.8,22.3,0,50,1,6,0,15,32.5224137,23.44219512
20014018,40,96,20.99791667,10,4,3,SVREC,0,4018,TRUE,2001,N13131/N14201,N18105,9,45,2020,1348.3,13.9,19.8,0,52,1,6,0,15,27.2179346,20.79
20024019,41,97,20.87113402,25,4,4,SVREC,0,4019,FALSE,2002,B16507/B16501,B19341,10,28,2020,1162.8,13.99,21.9,0,32,1,5,0,15,23.44873675,22.97096341
20014019,40,96,20.99791667,25,4,4,SVREC,0,4019,FALSE,2001,N16405/B16504,N19262,10,40,2020,1694.1,13.84,18.2,0,46,1,5,0,15,34.22238029,19.12331707
20024020,40,96,20.99791667,8,4,4,SVREC,0,4020,FALSE,2002,B15430/B10244,B18232,10,29,2020,923.1,13.71,20.2,0,37,1,6,0,15,18.67560588,21.25680488
20014020,40,96,20.99791667,8,4,4,SVREC,0,4020,FALSE,2001,N13131/N14201,N18104,10,41,2020,1381.6,13.91,19.2,0,42,1,6,0,15,27.88691755,20.15765854
20024021,40,96,20.99791667,4,4,4,SVREC,0,4021,FALSE,2002,B14303/B12724,B18236,10,30,2020,1270.9,14.27,19,0,46,1,6,0,15,25.54522214,19.86426829
20014021,41,97,20.87113402,4,4,4,SVREC,0,4021,FALSE,2001,N14230/N12447,N17505,10,42,2020,1531.1,14.26,19.2,0,53,1,6,0,15,30.77885899,20.07570732
20024022,40,96,20.99791667,14,4,4,SVREC,0,4022,FALSE,2002,B14303/B12724,B18237,10,31,2020,1187.9,13.97,19.5,0,40,1,6,0,15,23.96046739,20.45835366
20014022,41,97,20.87113402,14,4,4,SVREC,0,4022,FALSE,2001,G14505/X16708,N19284,10,43,2020,1491.6,13.84,20,0,51,1,5,0,15,30.13169378,21.01463415
20024023,40,96,20.99791667,34,4,4,SVREC,0,4023,FALSE,2002,"NDF120287, ND TWILIGHT",I19701,10,32,2020,1270,14.3,20.9,0,40,2,5,0,15,25.51819919,21.84304878
20014023,41,97,20.87113402,34,4,4,SVREC,0,4023,FALSE,2001,N13142/B14302,N19290,10,44,2020,1722.5,14.24,18.1,0,51,1,5,0,15,34.63454473,18.92995122
20024024,40,96,20.99791667,1,4,4,SVREC,0,4024,FALSE,2002,Zenith/B10215,B16501,10,33,2020,1380.5,13.75,21.3,0,35,1,5,0,15,27.91650172,22.40396341
20014024,40,96,20.99791667,1,4,4,SVREC,0,4024,TRUE,2001,N13120/PR00806-81,N18103,10,45,2020,1593.3,14.03,20.5,0,50,1,5,0,15,32.11515062,21.4925
20024025,40,96,20.99791667,21,4,5,SVREC,0,4025,FALSE,2002,B15414/B16504,B19346,11,28,2020,1186,14.3,20.5,0,33,1,5,0,15,23.83038129,21.425
20014025,40,96,20.99791667,21,4,5,SVREC,0,4025,FALSE,2001,N15331/N16405,N19246,11,40,2020,1753.5,14,19.4,0,47,1,5,0,15,35.3565354,20.34634146
20024026,41,97,20.87113402,22,4,5,SVREC,0,4026,FALSE,2002,B16501/B15464,B19332,11,29,2020,1230,14.05,19.7,0,40,1,5,0,15,24.78657229,20.64896341
20014026,40,96,20.99791667,22,4,5,SVREC,0,4026,FALSE,2001,N15335/N14243,N19253,11,41,2020,1518.1,13.71,18.3,0,47,1,5,0,15,30.71328923,19.25740244
20024027,40,96,20.99791667,16,4,5,SVREC,0,4027,FALSE,2002,B10244/B13218,B18201,11,30,2020,1142.7,13.65,19.5,0,44,1,5,0,15,23.13449637,20.53445122
20014027,41,97,20.87113402,16,4,5,SVREC,4,4027,FALSE,2001,"COOP 03019, MERLIN",I11264,11,42,2020,1427.7,13.71,18.9,0,44,2,5,0,15,28.88437061,19.88879268
20024028,42,98,20.73265306,29,4,5,SVREC,0,4028,FALSE,2002,"BL14506, BLACK BEARD",I19703,11,31,2020,883.3,13.99,21.2,0,49,1,6,0,15,17.81240899,22.23673171
20014028,41,97,20.87113402,29,4,5,SVREC,0,4028,FALSE,2001,N14243/N14218,N19281,11,43,2020,1463.9,14.27,19,0,46,1,5,0,15,29.42454221,19.86426829
20024029,41,97,20.87113402,2,4,5,SVREC,0,4029,FALSE,2002,B10244/B12724,B17220,11,32,2020,1267.2,14.11,19.6,0,41,1,5,0,15,25.51838863,20.52980488
20014029,41,97,20.87113402,2,4,5,SVREC,1,4029,FALSE,2001,"MEDALIST/N08003, ALPENA",N11283,11,44,2020,1304.5,14.24,19.3,0,49,2,5,0,15,26.22976116,20.18497561
20014030,40,96,20.99791667,31,4,5,SVREC,0,4030,TRUE,2001,N14229/I15616,N19204,11,45,2020,1372.4,14,18.8,0,50,1,6,0,15,27.67226072,19.71707317
20024031,41,97,20.87113402,20,4,6,SVREC,0,4031,FALSE,2002,B15417/B15442,B19312,12,28,2020,1636.2,13.94,22.9,0,56,1,6,0,15,33.01438491,24.03382927
20014031,41,97,20.87113402,20,4,6,SVREC,0,4031,FALSE,2001,N15331/N16405,N19248,12,40,2020,1644,13.88,17.3,0,42,2,5,0,15,33.19489617,18.16921951
20024032,40,96,20.99791667,26,4,6,SVREC,0,4032,FALSE,2002,B16506/B16507,B19345,12,29,2020,1609,14.75,19.8,0,48,1,5,0,15,32.15999052,20.5847561
20014032,40,96,20.99791667,26,4,6,SVREC,0,4032,FALSE,2001,B15453/N14243,N19269,12,41,2020,1568,14.18,19.9,0,48,1,5,0,15,31.55004978,20.82704878
20024033,40,96,20.99791667,5,4,6,SVREC,0,4033,FALSE,2002,B14302/B10244,B17897,12,30,2020,1695.7,13.72,18.4,0,57,1,6,0,15,34.30241026,19.36039024
20014033,40,96,20.99791667,5,4,6,SVREC,0,4033,FALSE,2001,N15341/N14238,N18128,12,42,2020,1598,13.86,19.9,0,51,1,7,0,15,32.2735785,20.90470732
20024034,41,97,20.87113402,3,4,6,SVREC,0,4034,FALSE,2002,"Zenith//Alpena*/B09197, ADAMS",B18504,12,31,2020,1818.8,14.31,19.6,0,50,2,5,0,15,36.54101181,20.482
20014034,41,97,20.87113402,3,4,6,SVREC,2,4034,FALSE,2001,"Mayflower/Avanti, MEDALIST",I08958,12,43,2020,1331.3,14.32,18.4,0,51,3,5,0,15,26.74366171,19.2257561
20024035,40,96,20.99791667,6,4,6,SVREC,0,4035,FALSE,2002,B11363//Alpena*/B09197,B16505,12,32,2020,1612.5,14.24,20.9,0,48,2,5,0,15,32.42275958,21.85834146
20014035,41,97,20.87113402,6,4,6,SVREC,0,4035,FALSE,2001,G14505/X16708,N19285,12,44,2020,1618.5,14.33,22.9,0,47,3,4,0,15,32.50925005,23.92491463
20024036,40,96,20.99791667,9,4,6,SVREC,0,4036,FALSE,2002,Zenith//Alpena*/B09197,B16504,12,33,2020,1661.7,14.41,20.7,0,42,2,6,0,15,33.34579888,21.6062561
20014036,40,96,20.99791667,9,4,6,SVREC,0,4036,TRUE,2001,N15334/N15335,N18122,12,45,2020,1622.6,14.46,20.4,0,50,1,6,0,15,32.54214665,21.28068293
